Workbook

Sheet Manufacturing_Downtime
A1: Downtime_ID | B1: Machine_ID | C1: Machine_Name | D1: Department | E1: Start_Down | F1: End_Down | G1: Start_Down_month | H1: Start_Down_day | I1: Duration_Minutes | J1: Duration_hours | K1: Downtime_Reason | L1: Operator | M1: Shift | N1: Planned | O1: Target_Runtime_Hours_Day | P1: Runtime_Hours_Day | Q1: Efficiency_Score
A2: DT-08377 | B2: MCH-030 | C2: Stamping_Machine_030 | D2: Stamping | E2: 45292.005 | F2: 45292.1 | G2: =TEXT(E2,"mm") -> 01 | H2: =TEXT(E2,"dd") -> 01 | I2: 72 | J2: =I2/60 -> 1.2 | K2: Preventive Maintenance - Electrical | L2: Ahmed Hassan | M2: A | N2: TRUE | O2: =_xlfn.XLOOKUP(B2,Machine_Info!A:A,Machine_Info!E:E) -> 16 | P2: =O2-J2 -> 14.8 | Q2: =P2/O2 -> 0.925
A3: DT-09051 | B3: MCH-021 | C3: Painting_Machine_021 | D3: Painting | E3: 45292.079 | F3: 45292.139 | G3: =TEXT(E3,"mm") -> 01 | H3: =TEXT(E3,"dd") -> 01 | I3: 1254 | J3: =I3/60 -> 20.9 | K3: Electrical Fault | L3: Ahmed Hassan | M3: A | N3: FALSE | O3: =_xlfn.XLOOKUP(B3,Machine_Info!A:A,Machine_Info!E:E) -> 22 | P3: =O3-J3 -> 1.1 | Q3: =P3/O3 -> 0.05
A4: DT-08090 | B4: MCH-019 | C4: Assembly_Machine_019 | D4: Assembly | E4: 45292.106 | F4: 45292.134 | G4: =TEXT(E4,"mm") -> 01 | H4: =TEXT(E4,"dd") -> 01 | I4: 84 | J4: =I4/60 -> 1.4 | K4: Electrical Fault | L4: Lucas Silva | M4: C | N4: FALSE | O4: =_xlfn.XLOOKUP(B4,Machine_Info!A:A,Machine_Info!E:E) -> 22 | P4: =O4-J4 -> 20.6 | Q4: =P4/O4 -> 0.93636364
A5: DT-09159 | B5: MCH-033 | C5: Stamping_Machine_033 | D5: Stamping | E5: 45292.123 | F5: 45292.326 | G5: =TEXT(E5,"mm") -> 01 | H5: =TEXT(E5,"dd") -> 01 | I5: 843 | J5: =I5/60 -> 14.05 | K5: Material Shortage | L5: Lucas Silva | M5: C | N5: FALSE | O5: =_xlfn.XLOOKUP(B5,Machine_Info!A:A,Machine_Info!E:E) -> 18 | P5: =O5-J5 -> 3.95 | Q5: =P5/O5 -> 0.21944444
A6: DT-03489 | B6: MCH-031 | C6: Stamping_Machine_031 | D6: Stamping | E6: 45292.172 | F6: 45292.201 | G6: =TEXT(E6,"mm") -> 01 | H6: =TEXT(E6,"dd") -> 01 | I6: 873 | J6: =I6/60 -> 14.55 | K6: Mechanical Failure | L6: Emma Welson | M6: B | N6: FALSE | O6: =_xlfn.XLOOKUP(B6,Machine_Info!A:A,Machine_Info!E:E) -> 18 | P6: =O6-J6 -> 3.45 | Q6: =P6/O6 -> 0.19166667
A7: DT-09246 | B7: MCH-033 | C7: Stamping_Machine_033 | D7: Stamping | E7: 45292.21 | F7: 45292.22 | G7: =TEXT(E7,"mm") -> 01 | H7: =TEXT(E7,"dd") -> 01 | I7: 1026 | J7: =I7/60 -> 17.1 | K7: Overheating | L7: Emma Welson | M7: B | N7: FALSE | O7: =_xlfn.XLOOKUP(B7,Machine_Info!A:A,Machine_Info!E:E) -> 18 | P7: =O7-J7 -> 0.9 | Q7: =P7/O7 -> 0.05
A8: DT-02388 | B8: MCH-029 | C8: Stamping_Machine_029 | D8: Stamping | E8: 45292.221 | F8: 45292.236 | G8: =TEXT(E8,"mm") -> 01 | H8: =TEXT(E8,"dd") -> 01 | I8: 769 | J8: =I8/60 -> 12.816667 | K8: Material Shortage | L8: Lucas Silva | M8: C | N8: FALSE | O8: =_xlfn.XLOOKUP(B8,Machine_Info!A:A,Machine_Info!E:E) -> 22 | P8: =O8-J8 -> 9.1833333 | Q8: =P8/O8 -> 0.41742424
A9: DT-04632 | B9: MCH-009 | C9: Painting_Machine_009 | D9: Painting | E9: 45292.277 | F9: 45292.436 | G9: =TEXT(E9,"mm") -> 01 | H9: =TEXT(E9,"dd") -> 01 | I9: 31 | J9: =I9/60 -> 0.51666667 | K9: Preventive Maintenance - Mechanical | L9: Emma Welson | M9: B | N9: TRUE | O9: =_xlfn.XLOOKUP(B9,Machine_Info!A:A,Machine_Info!E:E) -> 16 | P9: =O9-J9 -> 15.483333 | Q9: =P9/O9 -> 0.96770833
A10: DT-04344 | B10: MCH-002 | C10: Packaging_Machine_002 | D10: Packaging | E10: 45292.425 | F10: 45292.44 | G10: =TEXT(E10,"mm") -> 01 | H10: =TEXT(E10,"dd") -> 01 | I10: 23 | J10: =I10/60 -> 0.38333333 | K10: Operator Error | L10: Emma Welson | M10: B | N10: FALSE | O10: =_xlfn.XLOOKUP(B10,Machine_Info!A:A,Machine_Info!E:E) -> 18 | P10: =O10-J10 -> 17.616667 | Q10: =P10/O10 -> 0.9787037
A11: DT-02970 | B11: MCH-012 | C11: Assembly_Machine_012 | D11: Assembly | E11: 45292.576 | F11: 45292.591 | G11: =TEXT(E11,"mm") -> 01 | H11: =TEXT(E11,"dd") -> 01 | I11: 85 | J11: =I11/60 -> 1.4166667 | K11: Preventive Maintenance - Mechanical | L11: Ahmed Hassan | M11: A | N11: TRUE | O11: =_xlfn.XLOOKUP(B11,Machine_Info!A:A,Machine_Info!E:E) -> 20 | P11: =O11-J11 -> 18.583333 | Q11: =P11/O11 -> 0.92916667
A12: DT-00235 | B12: MCH-011 | C12: Assembly_Machine_011 | D12: Assembly | E12: 45292.642 | F12: 45292.645 | G12: =TEXT(E12,"mm") -> 01 | H12: =TEXT(E12,"dd") -> 01 | I12: 335 | J12: =I12/60 -> 5.5833333 | K12: Preventive Maintenance - Mechanical | L12: Lucas Silva | M12: C | N12: TRUE | O12: =_xlfn.XLOOKUP(B12,Machine_Info!A:A,Machine_Info!E:E) -> 14 | P12: =O12-J12 -> 8.4166667 | Q12: =P12/O12 -> 0.60119048
A13: DT-00802 | B13: MCH-008 | C13: Painting_Machine_008 | D13: Painting | E13: 45292.686 | F13: 45292.706 | G13: =TEXT(E13,"mm") -> 01 | H13: =TEXT(E13,"dd") -> 01 | I13: 228 | J13: =I13/60 -> 3.8 | K13: Preventive Maintenance - General | L13: Ahmed Hassan | M13: A | N13: TRUE | O13: =_xlfn.XLOOKUP(B13,Machine_Info!A:A,Machine_Info!E:E) -> 16 | P13: =O13-J13 -> 12.2 | Q13: =P13/O13 -> 0.7625
... A10001: DT-02652 | B10001: MCH-015 | C10001: Stamping_Machine_015 | D10001: Stamping | E10001: 45656.972 | F10001: 45656.997 | G10001: =TEXT(E10001,"mm") -> 12 | H10001: =TEXT(E10001,"dd") -> 30 | I10001: 381 | J10001: =I10001/60 -> 6.35 | K10001: Electrical Fault | L10001: Sophie Martin | M10001: C | N10001: FALSE | O10001: =_xlfn.XLOOKUP(B10001,Machine_Info!A:A,Machine_Info!E:E) -> 18 | P10001: =O10001-J10001 -> 11.65 | Q10001: =P10001/O10001 -> 0.64722222

Sheet Machine_Info
A1: Machine_ID | B1: Department | C1: Manufacturer | D1: Installation_Year | E1: Target_Runtime_Hours_Day | F1: Machine_Age | G1: Target_Runtime_Hours_year | H1: Total Duration_hours_year | I1: Total Runtime_Hours_year | J1: Efficiency_Score_year
A2: MCH-001 | B2: Painting | C2: Mitsubishi | D2: 2010 | E2: 18 | F2: =2024-D2 -> 14 | G2: 4914 | H2: 992.86667 | I2: =G2-H2 -> 3921.1333 | J2: =I2/G2 -> 0.79795143
A3: MCH-002 | B3: Packaging | C3: KUKA | D3: 2019 | E3: 18 | F3: =2024-D3 -> 5 | G3: 4986 | H3: 104 | I3: =G3-H3 -> 4882 | J3: =I3/G3 -> 0.9791416
A4: MCH-003 | B4: Packaging | C4: KUKA | D4: 2008 | E4: 14 | F4: =2024-D4 -> 16 | G4: 3780 | H4: 775.1 | I4: =G4-H4 -> 3004.9 | J4: =I4/G4 -> 0.79494709
A5: MCH-004 | B5: Packaging | C5: Fanuc | D5: 2024 | E5: 16 | F5: =2024-D5 -> 0 | G5: 4576 | H5: 64.75 | I5: =G5-H5 -> 4511.25 | J5: =I5/G5 -> 0.98585009
A6: MCH-005 | B6: Painting | C6: Schneider | D6: 2009 | E6: 20 | F6: =2024-D6 -> 15 | G6: 5980 | H6: 1696.9833 | I6: =G6-H6 -> 4283.0167 | J6: =I6/G6 -> 0.71622352
A7: MCH-006 | B7: Packaging | C7: Mitsubishi | D7: 2017 | E7: 22 | F7: =2024-D7 -> 7 | G7: 6006 | H7: 40.9 | I7: =G7-H7 -> 5965.1 | J7: =I7/G7 -> 0.99319014
A8: MCH-007 | B8: Assembly | C8: Mitsubishi | D8: 2011 | E8: 22 | F8: =2024-D8 -> 13 | G8: 6644 | H8: 2692.05 | I8: =G8-H8 -> 3951.95 | J8: =I8/G8 -> 0.59481487
A9: MCH-008 | B9: Painting | C9: KUKA | D9: 2018 | E9: 16 | F9: =2024-D9 -> 6 | G9: 4880 | H9: 992.15 | I9: =G9-H9 -> 3887.85 | J9: =I9/G9 -> 0.79669057
A10: MCH-009 | B10: Painting | C10: Mitsubishi | D10: 2024 | E10: 16 | F10: =2024-D10 -> 0 | G10: 4448 | H10: 242.63333 | I10: =G10-H10 -> 4205.3667 | J10: =I10/G10 -> 0.94545114
A11: MCH-010 | B11: Assembly | C11: KUKA | D11: 2009 | E11: 22 | F11: =2024-D11 -> 15 | G11: 6842 | H11: 1432.6833 | I11: =G11-H11 -> 5409.3167 | J11: =I11/G11 -> 0.7906046
A12: MCH-011 | B12: Assembly | C12: KUKA | D12: 2021 | E12: 14 | F12: =2024-D12 -> 3 | G12: 3850 | H12: 784.55 | I12: =G12-H12 -> 3065.45 | J12: =I12/G12 -> 0.79622078
A13: MCH-012 | B13: Assembly | C13: KUKA | D13: 2023 | E13: 20 | F13: =2024-D13 -> 1 | G13: 5980 | H13: 594.33333 | I13: =G13-H13 -> 5385.6667 | J13: =I13/G13 -> 0.90061315
... A36: MCH-035 | B36: Stamping | C36: Schneider | D36: 2024 | E36: 16 | F36: =2024-D36 -> 0 | G36: 4704 | H36: 953.63333 | I36: =G36-H36 -> 3750.3667 | J36: =I36/G36 -> 0.79727183

Sheet Data_Dictionary
A8: Column | B8: Description | F8: Column | G8: Description
A9: Downtime_ID | B9: Unique downtime event identifier e.g. DT-00001 | F9: Downtime_ID | G9: Unique downtime event identifier e.g. DT-00001
A10: Machine_ID | B10: Machine code linking to Machine_Info | F10: Machine_ID | G10: Machine code linking to Machine_Info
A11: Machine_Name | B11: Descriptive machine name | F11: Machine_Name | G11: Descriptive machine name
A12: Department | B12: Production department | F12: Department | G12: Production department
A13: Start_Time | B13: Timestamp when downtime started (UTC) | F13: Start_Time | G13: Timestamp when downtime started (UTC)
A14: End_Time | B14: Timestamp when downtime ended (UTC) | F14: End_Time | G14: Timestamp when downtime ended (UTC)
A15: Duration_Minutes | B15: Duration in minutes (End_Time - Start_Time) | F15: Duration_Minutes | G15: Duration in minutes (End_Time - Start_Time)
A16: Downtime_Reason | B16: Categorized reason for downtime | F16: Downtime_Reason | G16: Categorized reason for downtime
A17: Operator | B17: Operator on duty | F17: Operator | G17: Operator on duty
A18: Shift | B18: Shift when downtime occurred (A/B/C) | F18: Shift | G18: Shift when downtime occurred (A/B/C)
A19: Production_Date | B19: Date portion of Start_Time | F19: Production_Date | G19: Date portion of Start_Time
... A23: Target_Runtime_Hours_Day | B23: Number of hours which the machine should work in day | F23: Target_Runtime_Hours_Day | G23: Number of hours which the machine should work in day
F24: Start_Down_month | G24: Number of months which the machine start down in
F25: Start_Down_day | G25: The specific day on which the machine first entered a down or non-operational state.
F26: Duration_Hours | G26: Duration in minutes (End_Time - Start_Time)*60
F27: Target_Runtime_Hours_Day | G27: Target of runtime hours per day using xLOOKUP Function
F28: Runtime_Hours_Day | G28: Target (Day)- Downtime (Day)
F29: Efficiency_Score | G29: Run / Target
F30: Machine_Age | G30: The total amount of time that has past since the machine has was first commissioned or installed
F31: Target_Runtime_Hours_year | G31: The planned or expected number of hours a machine should operate within a one-year period, based on production goals, capacity planning, or operational standards
F32: Total Duration_hours_year | G32: The total number of hours in a year during which the machine is in a down or non-operational state, including all recorded downtime events.
F33: Total Runtime_hours_year | G33: The total number of hours a machine operates during a one-year period, excluding any downtime or non-operational hours
F34: Efficiency_Score_year | G34: An annual performance metric that reflects how effectively a machine operates by comparing its actual runtime or output to its target or expected performance for the year

Sheet pivot (Sum of Duration_hours)
A1: Row Labels | B1: Sum of Duration_hours | C1: Sum of Runtime_Hours_Day | D1: Sum of Target_Runtime_Hours_Day
A2: MCH-001 | B2: 992.86667 | C2: 3921.1333 | D2: 4914
A3: MCH-002 | B3: 104 | C3: 4882 | D3: 4986
A4: MCH-003 | B4: 775.1 | C4: 3004.9 | D4: 3780
A5: MCH-004 | B5: 64.75 | C5: 4511.25 | D5: 4576
A6: MCH-005 | B6: 1696.9833 | C6: 4283.0167 | D6: 5980
A7: MCH-006 | B7: 40.9 | C7: 5965.1 | D7: 6006
A8: MCH-007 | B8: 2692.05 | C8: 3951.95 | D8: 6644
A9: MCH-008 | B9: 992.15 | C9: 3887.85 | D9: 4880
A10: MCH-009 | B10: 242.63333 | C10: 4205.3667 | D10: 4448
A11: MCH-010 | B11: 1432.6833 | C11: 5409.3167 | D11: 6842
A12: MCH-011 | B12: 784.55 | C12: 3065.45 | D12: 3850
A13: MCH-012 | B13: 594.33333 | C13: 5385.6667 | D13: 5980
... A37: Grand Total | B37: 48576.233 | C37: 134021.77 | D37: 182598
